City_ID,City,Country,Lat,Lng,Max Temp,Humidity,Cloudiness,Wind Speed,Current Description
0,Petropavlovsk-Kamchatskiy,RU,53.0452,158.6483,41.0,75,68,2.24,broken clouds
1,Kirakira,SB,-10.4544,161.9205,83.98,71,65,4.81,broken clouds
2,Vao,NC,-22.6667,167.4833,75.67,76,84,13.73,broken clouds
3,Vydrino,RU,51.485,104.8461,28.38,88,100,4.21,light snow
4,Kaitangata,NZ,-46.2817,169.8464,53.01,76,38,1.99,scattered clouds
5,Arraial Do Cabo,BR,-22.9661,-42.0278,74.88,77,13,15.41,few clouds
6,Rikitea,PF,-23.1203,-134.9692,78.75,68,100,17.11,overcast clouds
7,Talnakh,RU,69.4865,88.3972,31.51,97,100,10.71,snow
8,Tuatapere,NZ,-46.1333,167.6833,50.0,92,99,1.01,overcast clouds
9,Hofn,IS,64.2539,-15.2082,44.28,78,99,4.36,overcast clouds
10,Nikolskoye,RU,59.7035,30.7861,35.6,80,75,4.47,broken clouds
11,Te Anau,NZ,-45.4167,167.7167,49.71,79,78,4.09,moderate rain
12,Batagay-Alyta,RU,67.8006,130.4114,8.71,80,13,3.69,few clouds
13,Lavrentiya,RU,65.5833,-171.0,33.28,81,22,2.86,few clouds
14,Valdobbiadene,IT,45.8993,11.9946,55.0,76,3,3.98,clear sky
15,Ushuaia,AR,-54.8,-68.3,42.8,87,75,4.61,broken clouds
16,Vaini,TO,-21.2,-175.2,82.4,83,40,3.44,scattered clouds
17,Antofagasta,CL,-23.65,-70.4,64.4,68,20,11.5,few clouds
18,Upernavik,GL,72.7868,-56.1549,29.44,84,100,4.88,overcast clouds
19,Punta Arenas,CL,-53.15,-70.9167,46.4,87,75,4.61,broken clouds
20,Zeya,RU,53.75,127.2667,36.93,39,36,13.47,scattered clouds
21,Saint-Philippe,RE,-21.3585,55.7679,77.0,83,75,16.11,light rain
22,Avarua,CK,-21.2078,-159.775,84.2,70,20,18.41,few clouds
23,Port Elizabeth,ZA,-33.918,25.5701,62.6,88,0,6.91,clear sky
24,Chokurdakh,RU,70.6333,147.9167,3.4,86,58,1.21,broken clouds
25,Hare Bay,CA,48.8499,-54.0148,39.2,52,46,12.66,scattered clouds
26,Sao Joao Da Barra,BR,-21.6403,-41.0511,72.03,81,2,13.09,clear sky
27,San Quintin,MX,30.4833,-115.95,62.33,66,11,18.68,few clouds
28,Nanortalik,GL,60.1432,-45.2371,36.3,87,14,3.62,few clouds
29,Lagoa,PT,39.05,-27.9833,57.74,78,20,32.3,few clouds
30,Ahipara,NZ,-35.1667,173.1667,66.07,63,37,9.57,scattered clouds
31,Bulaevo,KZ,54.9056,70.4439,36.21,54,100,10.83,overcast clouds
32,Uige,AO,-7.6087,15.0613,67.86,95,100,1.95,overcast clouds
33,Mahebourg,MU,-20.4081,57.7,78.8,78,40,9.22,light rain
34,Kozulka,UA,50.0351,23.797,37.4,87,75,6.71,broken clouds
35,Kavieng,PG,-2.5744,150.7967,80.15,79,100,4.88,light rain
36,Findlay,US,41.0442,-83.6499,60.8,27,1,17.27,clear sky
37,Hilo,US,19.7297,-155.09,80.6,61,75,13.8,light rain
38,Butaritari,KI,3.0707,172.7902,82.15,77,92,9.01,light rain
39,Pevek,RU,69.7008,170.3133,15.24,87,45,1.63,scattered clouds
40,Mar Del Plata,AR,-38.0023,-57.5575,69.8,78,0,6.91,moderate rain
41,Jamestown,US,42.097,-79.2353,53.6,35,1,11.5,clear sky
42,Albany,US,42.6001,-73.9662,55.99,33,20,21.85,few clouds
43,East London,ZA,-33.0153,27.9116,63.88,76,8,9.22,clear sky
44,Busselton,AU,-33.65,115.3333,60.01,77,96,1.01,overcast clouds
45,Sistranda,NO,63.7256,8.834,37.4,60,75,18.41,broken clouds
46,Bosaso,SO,11.2842,49.1816,83.21,68,1,3.67,clear sky
47,Katobu,ID,-4.9408,122.5276,76.3,89,16,1.39,few clouds
48,Hamilton,US,39.1834,-84.5333,57.2,41,75,6.29,broken clouds
49,Qaanaaq,GL,77.484,-69.3632,19.83,84,100,4.74,overcast clouds
50,Kapaa,US,22.0752,-159.319,80.6,61,20,13.8,few clouds
51,Marawi,PH,7.9986,124.2928,75.0,89,98,5.01,overcast clouds
52,Chongwe,ZM,-15.3292,28.682,59.27,78,1,2.89,clear sky
53,Faanui,PF,-16.4833,-151.75,80.17,74,84,10.47,light rain
54,Atar,MR,20.5169,-13.0499,80.76,12,0,4.81,clear sky
55,Bluff,NZ,-46.6,168.3333,50.0,92,85,1.01,overcast clouds
56,Labuhan,ID,-6.8844,112.2051,75.51,84,16,5.73,few clouds
57,Baoqing,CN,46.3317,132.2111,42.37,48,100,12.75,overcast clouds
58,Helong,CN,42.5397,128.9972,56.59,68,100,1.77,overcast clouds
59,Thompson,CA,55.7435,-97.8558,28.4,50,75,11.5,broken clouds
60,Broome,US,42.2506,-75.833,55.4,26,1,17.27,clear sky
61,Recreio,BR,-21.525,-42.4692,68.27,76,0,0.83,clear sky
62,Puerto Ayora,EC,-0.7393,-90.3518,84.2,74,20,18.41,few clouds
63,Ponta Do Sol,PT,32.6667,-17.1,60.01,78,58,5.99,broken clouds
64,Barrow,US,71.2906,-156.7887,26.6,68,1,5.44,clear sky
65,Abnub,EG,27.2696,31.1511,69.8,43,0,13.8,clear sky
66,Pangnirtung,CA,66.1451,-65.7125,26.6,86,75,4.61,broken clouds
67,Henties Bay,NA,-22.116,14.2845,64.0,85,14,3.0,few clouds
68,Onega,RU,63.9061,38.1404,42.64,93,100,2.66,light rain
69,Ransang,PH,8.9603,117.5828,79.7,84,98,5.37,overcast clouds
70,Hajduszovat,HU,47.3833,21.4833,44.6,65,0,11.5,clear sky
71,Tuktoyaktuk,CA,69.4541,-133.0374,17.6,67,75,10.36,broken clouds
72,Tarauaca,BR,-8.1614,-70.7656,75.51,96,77,1.48,broken clouds
73,Samarai,PG,-10.6167,150.6667,83.95,74,95,10.69,overcast clouds
74,Clyde River,CA,70.4692,-68.5914,17.6,100,90,3.44,mist
75,Avera,US,33.194,-82.5271,69.8,30,75,3.44,broken clouds
76,Hobart,AU,-42.8794,147.3294,51.8,76,75,5.75,broken clouds
77,Codrington,AU,-38.2667,141.9667,55.56,84,100,9.37,overcast clouds
78,Sakakah,SA,29.9697,40.2064,77.0,11,0,10.36,clear sky
79,Bredasdorp,ZA,-34.5322,20.0403,46.4,93,92,1.14,overcast clouds
80,Lasa,IT,46.6166,10.7002,45.0,56,0,5.75,clear sky
81,Tabou,CI,4.423,-7.3528,80.56,84,85,8.39,overcast clouds
82,Vestmanna,FO,62.1564,-7.1664,42.8,100,92,5.75,overcast clouds
83,Japura,ID,-0.3167,102.35,72.88,97,100,1.34,moderate rain
84,Sakleshpur,IN,12.9667,75.7833,68.4,93,63,1.79,broken clouds
85,Boa Vista,BR,2.8197,-60.6733,84.2,65,75,9.22,light rain
86,Longyearbyen,SJ,78.2186,15.6401,15.8,62,75,6.91,broken clouds
87,Beringovskiy,RU,63.05,179.3167,27.75,85,99,6.08,overcast clouds
88,Marzuq,YE,14.4,46.4667,68.47,64,7,6.22,clear sky
89,Atuona,PF,-9.8,-139.0333,80.29,79,29,22.7,scattered clouds
90,Khatanga,RU,71.9667,102.5,32.85,97,100,20.4,overcast clouds
91,Mount Isa,AU,-20.7333,139.5,71.6,26,33,11.5,scattered clouds
92,Palauig,PH,15.435,119.9045,78.85,68,23,6.58,few clouds
93,Aripuana,BR,-9.1667,-60.6333,74.16,96,71,0.47,moderate rain
94,Provideniya,RU,64.3833,-173.3,40.98,54,78,4.45,broken clouds
95,Rocha,UY,-34.4833,-54.3333,63.1,93,4,9.33,clear sky
96,Egvekinot,RU,66.3167,-179.1667,31.62,84,100,3.11,overcast clouds
97,Portland,US,45.5234,-122.6762,63.0,36,90,8.05,overcast clouds
98,Formosa,AR,-26.1775,-58.1781,78.8,83,75,2.3,broken clouds
99,Carnarvon,AU,-24.8667,113.6333,62.6,72,0,6.91,clear sky
100,Homer,US,59.6425,-151.5483,46.99,93,90,3.44,overcast clouds
101,New Norfolk,AU,-42.7826,147.0587,51.01,88,97,3.0,overcast clouds
102,George,ZA,-33.963,22.4617,57.2,100,20,5.75,mist
103,Martapura,ID,-3.4167,114.85,73.4,94,40,2.3,scattered clouds
104,Platteville,US,42.7342,-90.4785,55.4,58,90,11.5,overcast clouds
105,Sitka,US,57.0531,-135.33,60.8,18,20,11.5,few clouds
106,Torbay,CA,47.6666,-52.7314,41.0,75,75,19.57,broken clouds
107,Norman Wells,CA,65.282,-126.8329,33.8,32,75,13.8,broken clouds
108,Castro,BR,-24.7911,-50.0119,56.3,74,4,2.51,clear sky
109,San Cristobal,VE,7.7669,-72.225,87.8,62,20,10.36,few clouds
110,Yellowknife,CA,62.456,-114.3525,16.0,53,75,13.8,broken clouds
111,Ust-Barguzin,RU,53.45,108.9833,25.93,79,100,4.05,overcast clouds
112,Saint-Leu,RE,-21.15,55.2833,77.0,83,75,16.11,light rain
113,Bengkulu,ID,-3.8004,102.2655,73.36,89,92,3.51,overcast clouds
114,Tezu,IN,27.9167,96.1667,70.02,38,53,4.47,broken clouds
115,Cidreira,BR,-30.1811,-50.2056,70.57,78,2,17.76,clear sky
116,Tahe,CN,52.3333,124.7333,37.83,33,12,8.79,few clouds
117,Millinocket,US,45.6573,-68.7098,51.8,30,1,11.5,clear sky
118,Harper,LR,4.375,-7.7169,81.18,82,98,8.93,overcast clouds
119,Tocopilla,CL,-22.092,-70.1979,65.39,75,7,6.22,clear sky
120,Pontianak,ID,-0.0333,109.3333,75.2,94,40,3.38,scattered clouds
121,Dikson,RU,73.5069,80.5464,32.13,97,100,17.36,overcast clouds
122,Hasaki,JP,35.7333,140.8333,57.0,71,20,8.05,few clouds
123,Rio Gallegos,AR,-51.6226,-69.2181,51.8,66,75,4.61,broken clouds
124,Puerto Del Rosario,ES,28.5004,-13.8627,69.8,68,20,6.91,few clouds
125,Karasburg,NA,-28.0167,18.75,70.66,22,3,11.07,clear sky
126,Lorengau,PG,-2.0226,147.2712,81.63,77,94,3.69,overcast clouds
127,Kuytun,RU,54.3419,101.5036,31.89,63,100,8.81,overcast clouds
128,Bronnoysund,NO,65.4625,12.1997,32.0,93,40,12.66,light snow
129,Fortuna,US,40.5982,-124.1573,59.0,67,1,11.5,clear sky
130,Saskylakh,RU,71.9167,114.0833,33.69,97,100,20.11,light snow
131,Port Alfred,ZA,-33.5906,26.891,66.45,72,0,21.5,clear sky
132,Dhidhdhoo,MV,6.8833,73.1,83.05,75,7,6.55,clear sky
133,Sao Filipe,CV,14.8961,-24.4956,72.57,72,37,11.25,scattered clouds
134,Cape Town,ZA,-33.9258,18.4232,59.0,82,0,8.05,clear sky
135,Dire,ML,12.2833,-10.9667,90.99,31,54,3.67,broken clouds
136,Esmeralda,CU,21.8525,-78.1169,87.8,48,20,17.27,few clouds
137,Amparafaravola,MG,-17.5833,48.2167,64.53,91,85,5.23,overcast clouds
138,Hami,CN,42.8,93.45,44.26,29,61,9.91,broken clouds
139,Ambovombe,MG,-25.1667,46.0833,67.98,87,2,8.19,clear sky
140,Victoria,HK,22.2855,114.1577,78.01,87,25,1.01,scattered clouds
141,Saint Anthony,US,45.0205,-93.218,48.2,81,90,1.68,overcast clouds
142,Kodiak,US,57.79,-152.4072,39.2,87,90,5.75,light rain
143,Cabo San Lucas,MX,22.8909,-109.9124,84.2,53,20,3.44,few clouds
144,Iquitos,PE,-3.7481,-73.2472,80.6,83,40,3.44,scattered clouds
145,Boyolangu,ID,-8.1181,111.8935,72.88,88,4,1.03,clear sky
146,Murgab,TM,37.4966,61.9714,62.6,48,99,5.99,overcast clouds
147,Isangel,VU,-19.55,169.2667,86.0,70,40,5.75,scattered clouds
148,Isabela,PH,6.7085,121.9711,75.2,94,75,2.3,broken clouds
149,Washington,US,47.5001,-120.5015,70.0,28,95,1.99,overcast clouds
150,Milyutinskaya,RU,48.6279,41.6679,48.99,76,100,8.1,light rain
151,Mataura,NZ,-46.1927,168.8643,50.0,92,72,1.01,broken clouds
152,Kantabanji,IN,20.4833,82.9167,80.87,30,48,3.11,scattered clouds
153,Suntar,RU,62.1444,117.6319,33.55,84,100,9.69,overcast clouds
154,Tenenkou,ML,14.4572,-4.9169,94.69,17,38,5.66,scattered clouds
155,Bukama,CD,-9.2,25.85,72.1,77,75,2.04,broken clouds
156,Sao Lourenco Do Oeste,BR,-26.3592,-52.8511,62.56,54,67,0.51,broken clouds
157,Aykhal,RU,66.0,111.5,26.53,83,84,6.53,broken clouds
158,Ballina,AU,-28.8667,153.5667,61.0,77,2,6.91,clear sky
159,Faya,SA,18.3851,42.4509,64.4,67,20,4.61,few clouds
160,Taoudenni,ML,22.6783,-3.9836,89.47,6,0,9.57,clear sky
161,Wewak,PG,-3.5534,143.6268,80.42,81,100,3.47,overcast clouds
162,Taiyuan,CN,37.8694,112.5603,51.8,76,40,4.47,scattered clouds
163,Ambilobe,MG,-13.2,49.05,71.91,85,90,3.89,overcast clouds
164,Orange Cove,US,36.6244,-119.3137,80.01,35,1,6.91,clear sky
165,Namibe,AO,-15.1961,12.1522,78.04,76,0,1.97,clear sky
166,Plettenberg Bay,ZA,-34.0527,23.3716,60.6,92,24,5.57,few clouds
167,Taupo,NZ,-38.6833,176.0833,61.0,88,70,5.01,broken clouds
168,Pascagoula,US,30.3658,-88.5561,71.6,73,75,12.66,broken clouds
169,Hermanus,ZA,-34.4187,19.2345,57.0,87,90,4.79,overcast clouds
170,Yulara,AU,-25.2406,130.9889,51.8,66,3,5.75,clear sky
171,Nizwa,OM,22.9333,57.5333,77.38,23,1,2.17,clear sky
172,Riverton,US,40.5219,-111.9391,63.0,33,1,11.5,clear sky
173,Leningradskiy,RU,69.3833,178.4167,28.9,85,99,3.65,overcast clouds
174,Iqaluit,CA,63.7506,-68.5145,28.4,93,90,3.44,light snow
175,Bahce,TR,37.1972,36.5766,55.4,54,0,4.61,clear sky
176,Kodinsk,RU,58.6881,99.1844,30.51,89,80,2.42,broken clouds
177,Cervo,ES,43.6702,-7.4101,59.0,87,97,4.32,overcast clouds
178,Fayaoue,NC,-20.65,166.5333,79.5,77,72,13.31,broken clouds
179,Oranjemund,NA,-28.55,16.4333,61.2,87,64,3.42,broken clouds
180,Whitehorse,CA,60.7161,-135.0538,48.0,27,1,6.91,clear sky
181,Kamenka,RU,51.3223,42.7678,42.01,95,9,7.43,clear sky
182,Tiznit,MA,29.5833,-9.5,58.78,81,55,5.59,broken clouds
183,Constitucion,CL,-35.3333,-72.4167,56.01,77,0,10.4,clear sky
184,Loukhi,RU,66.0764,33.0381,33.82,99,100,0.87,overcast clouds
185,Port Hardy,CA,50.6996,-127.4199,51.8,76,90,9.22,light rain
186,Saint George,US,37.1041,-113.5841,82.0,8,1,13.8,clear sky
187,Bambous Virieux,MU,-20.3428,57.7575,78.8,78,40,9.22,light rain
188,Ucluelet,CA,48.9329,-125.5528,53.01,81,90,9.22,overcast clouds
189,Cherskiy,RU,68.75,161.3,23.49,93,100,5.1,light snow
190,Bokoro,TD,12.3807,17.0568,92.01,15,26,7.87,scattered clouds
191,Vila Velha,BR,-20.3297,-40.2925,77.0,69,75,5.75,broken clouds
192,Esperance,AU,-33.8667,121.9,57.2,88,97,10.36,overcast clouds
193,Tiksi,RU,71.6872,128.8694,10.0,91,98,7.54,overcast clouds
194,Nerchinskiy Zavod,RU,51.3088,119.61,35.83,22,51,4.05,broken clouds
195,Mocuba,MZ,-16.8392,36.9856,65.5,97,2,1.23,clear sky
196,Saldanha,ZA,-33.0117,17.9442,57.2,82,82,6.91,broken clouds
197,Lakheri,IN,25.6667,76.1667,80.1,30,8,6.76,clear sky
198,Taree,AU,-31.9,152.4667,57.0,76,63,8.05,broken clouds
199,Lujan,AR,-34.5703,-59.105,61.0,99,100,7.0,light rain
200,Kenai,US,60.5544,-151.2583,53.6,37,1,8.05,clear sky
201,Bandarbeyla,SO,9.4942,50.8122,82.71,74,94,5.57,overcast clouds
202,Pisco,PE,-13.7,-76.2167,68.0,77,0,9.22,clear sky
203,Sur,OM,22.5667,59.5289,85.69,34,0,8.28,clear sky
204,Gigmoto,PH,13.7796,124.39,79.63,83,98,4.34,overcast clouds
205,Miquelon,PM,47.0975,-56.3814,37.72,79,28,29.21,scattered clouds
206,Ancud,CL,-41.8697,-73.8203,53.01,82,0,6.91,clear sky
207,Catabola,AO,-12.15,17.2833,64.54,67,100,3.49,overcast clouds
208,Alta Floresta,BR,-9.8756,-56.0861,72.63,93,12,2.24,light rain
209,Cayenne,GF,4.9333,-52.3333,77.0,94,75,2.3,moderate rain
210,Valparaiso,CL,-33.0393,-71.6273,62.6,77,75,6.91,broken clouds
211,Bac Lieu,VN,9.285,105.7244,79.74,81,100,5.66,overcast clouds
212,Salalah,OM,17.0151,54.0924,82.4,74,40,4.61,scattered clouds
213,Axim,GH,4.8699,-2.2405,82.31,82,98,8.34,overcast clouds
214,Ilulissat,GL,69.2167,-51.1,35.6,64,100,5.75,overcast clouds
215,Caravelas,BR,-17.7125,-39.2481,74.84,83,31,6.04,scattered clouds
216,Oceanside,US,33.1959,-117.3795,66.2,63,40,10.36,scattered clouds
217,Kualakapuas,ID,-3.0091,114.3876,73.4,94,40,2.3,scattered clouds
218,Porbandar,IN,21.6422,69.6093,80.44,80,97,9.28,overcast clouds
219,West Bay,KY,19.3667,-81.4167,84.2,74,40,10.36,scattered clouds
220,Margate,GB,51.3813,1.3862,45.0,77,36,1.99,scattered clouds
221,Nabire,ID,-3.3667,135.4833,79.48,84,72,2.08,broken clouds
222,Bethel,US,41.3712,-73.414,62.6,19,1,14.97,clear sky
223,Vanavara,RU,60.34,102.2797,31.24,90,100,1.07,overcast clouds
224,Ust-Kulom,RU,61.6864,53.6902,37.9,93,19,4.21,few clouds
225,Haines Junction,CA,60.7522,-137.5108,50.0,23,8,4.61,clear sky
226,Severo-Kurilsk,RU,50.6789,156.125,36.63,90,96,7.87,overcast clouds
227,Pacific Grove,US,36.6177,-121.9166,60.8,55,75,12.66,broken clouds
228,Lebu,CL,-37.6167,-73.65,53.83,92,26,7.29,scattered clouds
229,Port Keats,AU,-14.25,129.55,75.78,37,93,7.99,overcast clouds
230,Srednekolymsk,RU,67.45,153.6833,12.25,92,100,18.03,light snow
231,Tayga,RU,56.06,85.6197,28.4,46,0,4.47,clear sky
232,Tilichiki,RU,60.4667,166.1,25.29,80,46,3.51,scattered clouds
233,Soyo,AO,-6.1349,12.3689,78.35,88,95,2.15,overcast clouds
234,Tieling,CN,42.2931,123.8414,54.81,75,100,8.05,overcast clouds
235,Swan River,CA,52.1058,-101.2676,37.4,30,100,11.5,overcast clouds
236,Boditi,ET,6.9667,37.8667,58.71,92,100,3.44,moderate rain
237,Maneadero,MX,31.7167,-116.5667,64.99,74,4,5.01,clear sky
238,Grand Gaube,MU,-20.0064,57.6608,78.01,80,99,1.01,light rain
239,Teya,RU,60.3778,92.6267,21.45,97,60,0.94,broken clouds
240,Ciudad Guayana,VE,8.3533,-62.6528,84.0,70,86,3.0,overcast clouds
241,Diego De Almagro,CL,-26.3667,-70.05,58.51,59,0,4.7,clear sky
242,Tornio,FI,65.8481,24.1466,32.0,100,90,17.27,light snow
243,Kununurra,AU,-15.7667,128.7333,69.8,68,63,5.75,broken clouds
244,Canavieiras,BR,-15.675,-38.9472,75.07,86,26,4.88,scattered clouds
245,Bathsheba,BB,13.2167,-59.5167,80.6,61,40,16.11,scattered clouds
246,Pangody,RU,65.85,74.4859,33.89,99,100,10.02,overcast clouds
247,Barabai,ID,-2.5833,115.3833,73.65,93,44,1.03,scattered clouds
248,Bilibino,RU,68.0546,166.4372,22.12,82,99,3.53,overcast clouds
249,Jiangyou,CN,31.7667,104.7167,64.54,85,95,0.63,overcast clouds
250,Zhuji,CN,29.7188,120.2423,66.2,88,40,4.47,mist
251,Amga,RU,60.8953,131.9608,24.71,86,100,9.55,overcast clouds
252,Hithadhoo,MV,-0.6,73.0833,81.95,73,8,7.85,clear sky
253,Brigantine,US,39.4101,-74.3646,60.8,27,1,17.27,clear sky
254,Savannah Bight,HN,16.45,-85.85,86.0,70,40,11.5,scattered clouds
255,Macheng,CN,31.1783,115.0319,60.21,84,97,9.8,overcast clouds
256,Bielsko-Biala,PL,49.8224,19.0469,37.99,1,50,5.88,scattered clouds
257,Georgetown,MY,5.4112,100.3354,78.8,94,40,5.75,moderate rain
258,Scarborough,GB,54.2797,-0.4044,46.0,56,100,4.56,overcast clouds
259,Nsanje,MW,-16.92,35.262,66.29,92,0,2.04,clear sky
260,Manokwari,ID,-0.8667,134.0833,80.58,76,100,1.63,overcast clouds
261,Kolvereid,NO,64.8655,11.6047,32.0,93,75,8.05,light snow
262,Ribeira Grande,PT,38.5167,-28.7,57.2,82,40,27.63,scattered clouds
263,Lompoc,US,34.6391,-120.4579,61.0,59,0,13.8,clear sky
264,Muisne,EC,0.6,-80.0333,84.2,79,75,5.75,broken clouds
265,Santa Cruz De Tenerife,ES,28.4682,-16.2546,66.99,100,90,17.27,overcast clouds
266,Praia,CV,14.9215,-23.5087,69.8,73,20,17.27,few clouds
267,Chuy,UY,-33.6971,-53.4616,66.69,84,14,13.0,few clouds
268,Luderitz,NA,-26.6481,15.1594,63.81,77,44,8.61,scattered clouds
269,Atambua,ID,-9.1061,124.8925,74.03,80,24,3.74,few clouds
270,Richmond,US,37.5538,-77.4603,62.6,25,90,11.5,overcast clouds
271,Mnogovershinnyy,RU,53.9353,139.9242,28.62,63,4,6.02,clear sky
272,Turayf,SA,31.6725,38.6637,75.2,25,0,13.8,clear sky
273,Ixtapa,MX,20.7,-105.2,82.4,65,20,16.11,few clouds
274,Puyang,CN,29.4603,119.8861,64.31,89,28,3.22,scattered clouds
275,Point Pleasant,US,40.0832,-74.0682,61.0,31,21,7.0,few clouds
276,Teguise,ES,29.0605,-13.564,69.8,68,20,10.36,few clouds
277,Callaway,US,30.153,-85.5699,72.0,68,75,10.36,broken clouds
278,Mezen,RU,65.8522,44.24,42.78,81,100,9.69,overcast clouds
279,Dali,CN,25.7,100.1833,53.04,74,2,4.29,clear sky
280,Hit,IQ,33.6416,42.8251,77.38,15,75,10.56,broken clouds
281,Rzhaksa,RU,52.1338,42.0264,44.67,93,31,8.28,scattered clouds
282,Daru,PG,-9.0763,143.2092,83.79,72,29,5.44,scattered clouds
283,Khandyga,RU,62.6667,135.6,17.69,78,69,4.03,broken clouds
284,Kavaratti,IN,10.5669,72.642,83.35,73,15,7.81,few clouds
285,Kimbe,PG,-5.5502,150.1429,79.93,85,97,2.28,moderate rain
286,Yarmouth,US,41.7057,-70.2286,54.0,50,1,19.57,clear sky
287,Concarneau,FR,47.875,-3.9225,59.0,41,0,10.36,clear sky
288,Tasiilaq,GL,65.6145,-37.6368,35.6,60,75,4.61,broken clouds
289,Khorinsk,RU,52.1657,109.7726,33.03,43,100,5.12,overcast clouds
290,Ruidoso,US,33.3317,-105.673,57.99,23,1,18.41,clear sky
291,Whitehaven,GB,54.549,-3.5841,52.0,46,100,5.57,overcast clouds
292,Westport,US,41.1415,-73.3579,62.6,20,1,16.11,clear sky
293,Kampene,CD,-3.6,26.6667,69.15,98,100,1.7,light rain
294,Fengrun,CN,39.8333,118.1167,57.74,69,67,8.77,broken clouds
295,Lubbock,US,33.6001,-101.8338,80.6,8,40,26.46,scattered clouds
296,Sadat,IN,25.6833,83.2833,81.27,21,58,2.44,broken clouds
297,Dandong,CN,40.1292,124.3947,56.07,70,100,5.12,overcast clouds
298,Iglesias,IT,39.3114,8.535,53.6,82,20,3.44,few clouds
299,Churapcha,RU,62.0025,132.4325,21.99,88,100,8.03,overcast clouds
300,College,US,64.8569,-147.8028,57.2,30,20,9.22,few clouds
301,Pacifica,US,37.6138,-122.4869,59.0,87,90,5.75,mist
302,Maceio,BR,-9.6658,-35.7353,75.2,94,0,3.44,clear sky
303,Napier,NZ,-39.4833,176.9167,69.01,53,4,8.01,clear sky
304,Port Lincoln,AU,-34.7333,135.8667,61.18,69,80,5.91,broken clouds
305,Beloha,MG,-25.1667,45.05,69.89,76,16,10.29,few clouds
306,Palembang,ID,-2.9167,104.7458,75.2,88,20,2.3,haze
307,Gorodishche,RU,48.8045,44.4744,48.2,81,0,4.47,clear sky
308,Quatre Cocos,MU,-20.2078,57.7625,78.8,78,40,9.22,light rain
309,Lexington,US,37.9887,-84.4777,57.2,47,75,10.36,broken clouds
310,Hailar,CN,49.2,119.7,37.51,24,100,5.59,overcast clouds
311,Lunenburg,CA,44.3835,-64.3155,48.2,49,94,24.16,overcast clouds
312,Deputatskiy,RU,69.3,139.9,7.77,85,24,2.3,few clouds
313,Waycross,US,31.2136,-82.354,75.2,43,1,14.97,clear sky
314,Maniitsoq,GL,65.4167,-52.9,32.9,72,12,5.3,few clouds
315,Wilmington,US,34.2257,-77.9447,66.2,34,1,13.8,clear sky
316,Bloemfontein,ZA,-29.1211,26.214,55.15,32,14,6.29,few clouds
317,Luanda,AO,-8.8368,13.2343,77.0,88,75,5.75,broken clouds
318,Tautira,PF,-17.7333,-149.15,87.8,58,75,11.5,light rain
319,Xingyi,CN,24.1877,102.817,61.32,53,0,4.03,clear sky
320,Tungor,RU,53.3808,142.9564,31.15,69,78,7.56,broken clouds
321,Asau,RO,46.4333,26.4,37.0,67,38,3.15,scattered clouds
322,Ilo,PE,-17.6394,-71.3375,66.74,77,10,6.6,clear sky
323,Dingle,PH,10.9995,122.6711,80.08,76,100,4.21,light rain
324,Yeniseysk,RU,58.4497,92.1703,28.6,89,66,3.27,broken clouds
325,Yuscaran,HN,13.9333,-86.85,82.0,47,40,4.61,scattered clouds
326,Souillac,MU,-20.5167,57.5167,78.8,78,40,9.22,light rain
327,Shelburne,CA,44.0787,-80.2041,60.8,29,26,6.91,scattered clouds
328,Aklavik,CA,68.2191,-135.0107,37.4,48,75,3.44,broken clouds
329,Moth,IN,25.7167,78.95,84.45,16,86,3.87,overcast clouds
330,Sipe Sipe,BO,-17.45,-66.3833,69.8,35,75,17.27,broken clouds
331,Sinnamary,GF,5.3833,-52.95,77.5,88,100,12.26,heavy intensity rain
332,Pokrovsk,UA,48.282,37.1758,48.33,83,100,9.26,overcast clouds
333,Yarega,RU,63.4354,53.5765,38.97,87,61,4.88,broken clouds
334,Kilindoni,TZ,-7.9139,39.6668,80.02,79,30,20.65,scattered clouds
335,Taman,RU,45.2117,36.7161,51.8,82,85,13.42,overcast clouds
336,Makakilo City,US,21.3469,-158.0858,84.2,48,75,5.75,broken clouds
337,Vestmannaeyjar,IS,63.4427,-20.2734,46.51,87,100,19.86,overcast clouds
338,Kidal,ML,18.4411,1.4078,85.95,7,0,6.53,clear sky
339,Les Cayes,HT,18.2,-73.75,78.89,75,24,7.27,few clouds
340,Kikwit,CD,-5.041,18.8162,70.56,98,100,4.0,heavy intensity rain
341,Chernyshevskiy,RU,63.0128,112.4714,25.38,95,87,8.7,overcast clouds
342,Barmer,IN,25.75,71.3833,78.22,43,1,10.83,clear sky
343,Kayattar,IN,8.95,77.8,82.72,69,95,5.39,overcast clouds
344,Berberati,CF,4.2612,15.7922,66.49,98,100,5.48,light rain
345,Abha,SA,18.2164,42.5053,64.4,67,20,4.61,few clouds
346,Kyra,RU,49.5776,111.9753,35.56,60,95,0.65,overcast clouds
347,Haapsalu,EE,58.9431,23.5414,37.0,81,100,21.99,overcast clouds
348,Ust-Kuyga,RU,70.0167,135.6,8.85,93,98,5.73,overcast clouds
349,Geraldton,AU,-28.7667,114.6,59.0,77,0,11.5,clear sky
350,Hirara,JP,24.8,125.2833,73.4,83,40,12.66,scattered clouds
351,Coahuayana,MX,18.7333,-103.6833,86.0,28,1,17.27,clear sky
352,Tessalit,ML,20.1986,1.0114,86.99,7,0,7.34,clear sky
353,San Juan,AR,-31.5375,-68.5364,68.47,39,13,10.45,few clouds
354,Ouango,CF,4.3133,22.5552,68.13,99,98,3.13,overcast clouds
355,Rajmahal,IN,25.05,87.8333,79.81,21,4,2.51,clear sky
356,Poum,NC,-20.2333,164.0167,79.47,76,95,6.15,overcast clouds
357,Takoradi,GH,4.8845,-1.7554,81.72,84,100,8.52,overcast clouds
358,Namtsy,RU,62.7161,129.6658,24.8,80,40,13.42,light snow
359,Komsomolskiy,UZ,40.4272,71.7189,53.6,54,30,6.91,scattered clouds
360,Clovis,US,36.8252,-119.7029,81.0,31,20,5.75,few clouds
361,El Retorno,CO,2.3302,-72.6276,75.9,90,68,2.28,broken clouds
362,Belaya Gora,RU,68.5333,146.4167,12.06,89,89,4.14,overcast clouds
363,Southbridge,US,42.0751,-72.0334,54.0,35,31,1.99,scattered clouds
364,Awbari,LY,26.5921,12.7805,82.22,10,3,6.87,clear sky
365,Port Hedland,AU,-20.3167,118.5667,64.4,48,0,5.75,clear sky
366,Karratha,AU,-20.7377,116.8463,74.17,28,0,12.41,clear sky
367,Herat,AF,34.5,62.0,58.51,15,10,9.55,clear sky
368,Carnot,CF,4.9409,15.8665,67.84,95,100,3.24,overcast clouds
369,Sabya,SA,17.1495,42.6254,86.0,54,0,2.62,clear sky
370,Soponya,HU,47.0149,18.4534,46.99,54,11,5.99,few clouds
371,Kruisfontein,ZA,-34.0033,24.7314,60.01,91,5,1.01,clear sky
372,San Jorge,AR,-31.8962,-61.8598,68.0,94,96,3.62,overcast clouds
373,Selma,US,36.5708,-119.6121,79.0,31,20,5.75,few clouds
374,Cururupu,BR,-1.8283,-44.8683,75.58,93,80,2.68,broken clouds
375,Calabozo,VE,8.9242,-67.4293,93.36,30,48,4.18,scattered clouds
376,Zhangye,CN,38.9342,100.4517,39.6,80,100,4.14,overcast clouds
377,Inirida,CO,3.8653,-67.9239,78.1,89,96,3.02,light rain
378,Soloneshnoye,RU,51.6544,84.3197,26.38,95,85,3.4,overcast clouds
379,Abu Samrah,SY,35.3029,37.1841,65.75,33,79,3.94,broken clouds
380,Barcelona,ES,41.3888,2.159,57.99,67,0,4.61,clear sky
381,Shizunai,JP,42.3339,142.3669,46.18,69,94,4.32,overcast clouds
382,Batemans Bay,AU,-35.7167,150.1833,60.01,48,14,3.69,few clouds
383,Crotone,IT,39.0851,17.1178,50.0,100,90,12.66,fog
384,Lazaro Cardenas,MX,17.9583,-102.2,84.33,49,96,11.23,overcast clouds
385,Hambantota,LK,6.1241,81.1185,78.82,84,54,6.82,broken clouds
386,Berdigestyakh,RU,62.0989,126.6992,21.83,87,100,9.91,overcast clouds
387,Provost,CA,52.3501,-110.2683,39.2,20,84,8.05,broken clouds
388,Linxia,CN,35.6003,103.2064,44.53,89,100,8.5,overcast clouds
389,Shirokiy,RU,49.758,129.523,38.43,37,0,13.67,clear sky
390,Noumea,NC,-22.2763,166.4572,82.0,78,0,1.14,clear sky
391,Ambagarh Chauki,IN,20.7833,80.7167,79.97,23,58,6.44,broken clouds
392,Bayan,CN,46.0833,127.4,43.81,35,100,14.81,overcast clouds
393,Mazamari,PE,-11.3258,-74.5308,75.16,84,56,0.78,broken clouds
394,Kudahuvadhoo,MV,2.6708,72.8944,82.8,67,23,11.81,few clouds
395,San Carlos De Bariloche,AR,-41.1456,-71.3082,51.8,50,20,17.27,few clouds
396,Airai,TL,-8.9266,125.4092,62.78,80,16,2.53,few clouds
397,Ponta Delgada,PT,37.7333,-25.6667,59.0,63,75,12.66,broken clouds
398,Xai-Xai,MZ,-25.0519,33.6442,66.25,89,88,0.65,overcast clouds
399,Torrington,US,41.8007,-73.1212,57.99,18,10,5.99,clear sky
400,Krasnoye,UA,49.9145,24.6134,37.4,87,75,6.71,broken clouds
401,Christchurch,NZ,-43.5333,172.6333,64.0,67,57,6.91,broken clouds
402,Jaisalmer,IN,26.9147,70.9181,77.83,36,0,10.45,clear sky
403,Sao Felix Do Xingu,BR,-6.6447,-51.995,73.24,96,90,0.83,overcast clouds
404,Talagang,PK,32.9297,72.4158,65.3,46,0,2.35,clear sky
405,Qasigiannguit,GL,68.8193,-51.1922,35.6,64,90,5.75,overcast clouds
406,Quartucciu,IT,39.2519,9.1794,55.99,94,20,6.91,few clouds
407,Vardo,NO,70.3705,31.1107,30.2,80,40,10.36,scattered clouds
408,Ketchikan,US,55.3422,-131.6461,57.2,35,1,9.22,clear sky
409,Swan Hill,AU,-35.3378,143.5544,56.61,58,89,5.26,overcast clouds
410,Abu Dhabi,AE,24.4667,54.3667,80.6,61,0,2.3,clear sky
411,Kaa-Khem,RU,51.6833,94.7333,32.97,82,100,1.48,overcast clouds
412,Otane,NZ,-39.8833,176.6333,69.01,54,1,7.0,clear sky
413,Klaksvik,FO,62.2266,-6.589,42.8,100,79,5.75,broken clouds
414,Perbaungan,ID,3.5679,98.956,73.4,100,75,8.05,moderate rain
415,Aksarka,RU,66.5606,67.7975,29.66,95,73,7.14,broken clouds
416,Paamiut,GL,61.994,-49.6678,32.23,76,1,2.55,clear sky
417,Kailua,US,21.4022,-157.7394,84.2,69,75,12.66,light rain
418,Mogadishu,SO,2.0371,45.3438,82.49,74,79,10.54,broken clouds
419,Iracoubo,GF,5.4802,-53.2011,77.38,88,100,12.21,moderate rain
420,Binga,ZW,-17.6203,27.3414,67.35,68,0,1.05,clear sky
421,Bay Roberts,CA,47.5999,-53.2648,39.99,70,100,1.99,overcast clouds
422,Awjilah,LY,29.1081,21.2869,77.18,14,1,13.87,clear sky
423,Yelniki,RU,54.6207,43.876,44.31,83,25,6.62,scattered clouds
424,Dongobesh,TZ,-4.0667,35.3833,55.83,95,29,6.58,scattered clouds
425,Ryotsu,JP,38.0833,138.4333,51.8,82,0,3.44,clear sky
426,Flinders,AU,-34.5833,150.8552,62.01,77,92,1.99,overcast clouds
427,Shimoda,JP,34.6667,138.95,63.0,45,100,3.0,overcast clouds
428,Gien,FR,47.6933,2.6309,48.99,55,0,8.01,clear sky
429,Gisborne,NZ,-38.6533,178.0042,68.0,63,25,4.0,scattered clouds
430,Kloulklubed,PW,7.0419,134.2556,84.2,79,75,8.05,broken clouds
431,Junin,AR,-34.5838,-60.9433,60.01,72,100,3.78,moderate rain
432,Laguna,US,38.421,-121.4238,78.01,35,75,11.5,broken clouds
433,Cabedelo,BR,-6.9811,-34.8339,80.6,83,40,6.91,scattered clouds
434,Barcelos,PT,41.5388,-8.6151,59.0,94,75,9.22,broken clouds
435,Ayan,RU,56.45,138.1667,29.66,70,95,5.46,overcast clouds
436,Mandalgovi,MN,45.7625,106.2708,40.77,47,100,29.1,overcast clouds
437,Porto Novo,BJ,6.4965,2.6036,84.2,84,40,13.8,moderate rain
438,Paita,PE,-5.0892,-81.1144,72.45,72,4,15.35,clear sky
439,Vung Tau,VN,10.346,107.0843,79.61,81,79,5.7,broken clouds
440,Sola,VU,-13.8833,167.55,83.75,68,85,16.62,overcast clouds
441,Tupik,RU,54.4253,119.9327,30.92,57,4,4.36,clear sky
442,Sidney,AU,-33.8679,151.2073,60.01,58,0,8.05,clear sky
443,Muli,MV,2.9167,73.5667,82.99,68,35,12.03,scattered clouds
444,Dingli,MT,35.8614,14.3822,59.0,88,75,13.8,broken clouds
445,Moose Factory,CA,51.2585,-80.6094,44.6,57,1,12.66,clear sky
446,Ust-Uda,RU,54.1742,103.0304,31.48,69,100,3.91,overcast clouds
447,Emerald,AU,-23.5333,148.1667,66.99,42,8,12.66,clear sky
448,Luwuk,ID,-0.9516,122.7875,79.56,77,100,2.35,overcast clouds
449,Nanakuli,US,21.3906,-158.1547,84.2,48,75,5.75,broken clouds
450,Narsaq,GL,60.9167,-46.05,44.6,53,1,6.91,clear sky
451,Zhigansk,RU,66.7697,123.3711,14.4,85,64,3.83,broken clouds
452,Tottori,JP,35.5,134.2333,53.6,94,0,2.3,clear sky
453,Mardin,TR,37.3131,40.7436,57.18,34,29,5.03,scattered clouds
454,Los Llanos De Aridane,ES,28.6585,-17.9182,68.0,64,20,8.05,few clouds
455,Sangin,AF,32.0728,64.8359,68.77,9,0,0.78,clear sky
456,Show Low,US,34.2542,-110.0298,64.4,16,75,19.57,broken clouds
457,Kabinda,CD,-6.1333,24.4833,68.09,87,34,1.77,scattered clouds
458,Flin Flon,CA,54.7682,-101.865,30.2,37,40,13.8,scattered clouds
459,Huarmey,PE,-10.0681,-78.1522,69.24,82,8,9.37,clear sky
460,Berlevag,NO,70.8578,29.0864,33.03,84,81,13.8,light snow
461,Pavlovka,RU,52.6897,47.1405,45.25,85,100,2.91,overcast clouds
462,Poso,ID,-1.3959,120.7524,80.01,77,100,4.38,overcast clouds
463,Mama,RU,58.3106,112.8986,33.62,93,100,3.78,overcast clouds
464,Tokur,RU,53.1333,132.9,26.58,65,15,9.69,few clouds
465,Ruzhyn,UA,49.7228,29.2046,36.79,78,41,9.33,scattered clouds
466,Acapulco,MX,16.8634,-99.8901,86.0,58,90,10.36,overcast clouds
467,Kargasok,RU,59.0556,80.8572,25.93,93,13,3.89,few clouds
468,San Patricio,US,28.017,-97.5169,86.0,70,1,25.32,clear sky
469,Oinoi,GR,38.3235,23.6101,59.0,64,100,1.01,overcast clouds
470,Komatipoort,ZA,-25.4332,31.9548,59.0,95,78,1.61,broken clouds
471,Kangaatsiaq,GL,68.3065,-53.4641,30.92,80,100,5.48,overcast clouds
472,Naryan-Mar,RU,67.6713,53.087,30.79,91,54,6.31,broken clouds
473,Ust-Nera,RU,64.5667,143.2,12.15,91,100,3.87,overcast clouds
474,Jackson,US,42.4165,-122.8345,73.0,16,1,4.61,clear sky
475,Zhangjiakou,CN,40.81,114.8794,52.83,76,1,3.67,clear sky
476,Great Yarmouth,GB,52.6083,1.7305,44.01,65,78,1.14,broken clouds
477,Qaqortoq,GL,60.7167,-46.0333,44.6,53,3,6.91,clear sky
478,Khor,RU,47.8861,134.9464,45.48,31,100,12.17,overcast clouds
479,Taiobeiras,BR,-15.8078,-42.2331,72.32,57,64,2.91,broken clouds
480,Ust-Maya,RU,60.4167,134.5333,27.16,82,99,8.32,overcast clouds
481,Tayginka,RU,55.6244,60.5076,44.28,90,100,9.93,overcast clouds
482,Trapani,IT,37.8333,12.6667,62.01,100,40,11.5,scattered clouds
483,Acajutla,SV,13.5928,-89.8275,95.0,31,20,3.44,few clouds
484,Ko Samui,TH,9.5357,99.9357,83.88,74,100,13.89,overcast clouds
485,Sisimiut,GL,66.9395,-53.6735,33.75,71,100,1.12,overcast clouds
486,Qandala,SO,11.472,49.8728,84.04,70,1,6.69,clear sky
487,Camaqua,BR,-30.8511,-51.8122,67.26,84,5,9.15,clear sky
488,Rosiori,RO,44.8,27.3833,48.99,77,100,1.99,overcast clouds
489,Buchloe,DE,48.0333,10.7333,37.99,69,3,1.14,clear sky
490,Evensk,RU,61.95,159.2333,31.75,99,100,9.04,snow
491,Nouadhibou,MR,20.931,-17.0347,64.4,82,0,16.11,clear sky
492,Freital,DE,51.0017,13.6488,42.8,65,0,4.61,clear sky
493,Moron,AR,-34.6534,-58.6198,77.0,53,90,19.57,moderate rain
494,Amarante Do Maranhao,BR,-5.5667,-46.7422,73.94,94,62,1.9,broken clouds
495,Plouzane,FR,48.3833,-4.6167,60.8,44,0,11.5,clear sky
496,Albion,US,42.2431,-84.753,59.0,26,40,9.22,scattered clouds
497,Viedma,AR,-40.8135,-62.9967,61.54,58,36,7.18,scattered clouds
498,Sao Miguel Do Araguaia,BR,-13.275,-50.1628,75.4,59,8,3.49,clear sky
499,Williams Lake,CA,52.1415,-122.1445,57.0,23,75,10.36,broken clouds
500,Goderich,CA,43.7501,-81.7165,59.0,33,44,9.22,scattered clouds
501,Inhambane,MZ,-23.865,35.3833,67.51,88,77,3.11,broken clouds
502,Richards Bay,ZA,-28.783,32.0377,62.65,84,51,9.17,broken clouds
503,Novoagansk,RU,61.9449,76.6625,31.57,90,11,9.42,few clouds
504,Kaupanger,NO,61.1845,7.2404,33.01,75,77,1.01,broken clouds
505,Finschhafen,PG,-6.6024,147.8681,79.21,84,99,6.24,overcast clouds
506,Mitsamiouli,KM,-11.3847,43.2844,80.85,78,87,12.57,light rain
507,Grindavik,IS,63.8424,-22.4338,44.6,93,75,11.5,broken clouds
508,Matagami,CA,49.7502,-77.6328,62.6,23,1,18.41,clear sky
509,Saint-Louis,SN,16.3333,-15.0,86.0,32,0,4.61,clear sky
510,Drochia,MD,48.035,27.8161,40.15,82,93,8.75,overcast clouds
511,Andra,RU,62.5147,65.8878,35.24,99,99,3.49,overcast clouds
512,Penarroya-Pueblonuevo,ES,38.3,-5.2667,59.0,72,0,3.44,clear sky
513,Urumqi,CN,43.801,87.6005,33.8,69,75,11.18,broken clouds
514,Ascension,US,30.2169,-90.9001,75.2,60,90,10.36,light rain
515,Manaure,CO,11.7751,-72.4445,84.69,64,11,22.19,few clouds
516,Alice,US,27.7523,-98.0697,93.2,58,1,20.71,clear sky
517,Hubli,IN,15.35,75.1667,75.24,64,15,5.57,few clouds
518,Kansanshi,ZM,-12.0951,26.4273,65.3,71,100,3.47,overcast clouds
519,Morondava,MG,-20.2833,44.2833,75.02,79,0,5.79,clear sky
520,Honiara,SB,-9.4333,159.95,83.7,75,67,2.73,broken clouds
521,Tromso,NO,69.6496,18.957,30.2,93,75,4.61,light snow
522,Biak,ID,-0.9131,122.8766,78.17,77,100,2.73,overcast clouds
523,Shingu,JP,33.7333,135.9833,60.8,72,75,4.61,broken clouds
524,Sungaipenuh,ID,-2.0833,101.3833,62.11,95,83,1.77,broken clouds
525,Kahului,US,20.8947,-156.47,82.4,47,20,24.16,few clouds
526,Hay River,CA,60.8156,-115.7999,21.2,53,100,11.5,overcast clouds
527,Etchojoa,MX,26.9167,-109.6333,89.01,32,0,14.5,clear sky
528,Surskoye,RU,54.4821,46.7214,48.29,77,100,3.38,overcast clouds
529,Usinsk,RU,65.9939,57.5281,32.11,91,26,5.95,scattered clouds
530,Vilyuysk,RU,63.7553,121.6247,19.38,91,75,3.56,broken clouds
531,Touros,BR,-5.1989,-35.4608,80.6,83,40,5.75,scattered clouds
532,Manzhouli,CN,49.6,117.4333,38.84,20,100,5.5,overcast clouds
533,Sabha,LY,27.0377,14.4283,83.07,13,47,5.5,scattered clouds
534,Zyryanka,RU,65.75,150.85,12.69,91,100,22.77,light snow
535,Yeppoon,AU,-23.1333,150.7333,69.8,64,100,8.05,overcast clouds
536,Batagay,RU,67.6333,134.6333,10.51,91,83,1.9,broken clouds
537,Halifax,CA,44.6453,-63.5724,46.99,53,91,8.05,overcast clouds
538,Coquimbo,CL,-29.9533,-71.3436,62.6,67,40,9.22,scattered clouds
539,Timaru,NZ,-44.4,171.25,60.01,88,52,3.06,broken clouds
540,Seminole,US,28.7086,-81.2081,75.99,53,1,16.11,clear sky
541,Auki,SB,-8.7676,160.7034,80.6,80,45,3.04,scattered clouds
542,Murmashi,RU,68.8154,32.8115,30.2,93,75,8.95,snow
543,Bafoulabe,ML,13.8065,-10.8321,96.76,11,37,3.89,scattered clouds
544,Marsh Harbour,BS,26.5412,-77.0636,73.56,70,63,13.6,broken clouds
545,Isla Vista,US,34.4133,-119.861,63.0,59,40,8.05,scattered clouds
546,Sault Sainte Marie,CA,46.5168,-84.3333,60.8,29,90,10.36,overcast clouds
547,Mehamn,NO,71.0357,27.8492,32.72,70,68,13.91,light snow
548,Vysokogornyy,RU,50.1167,139.15,33.33,92,100,3.85,light snow
549,Puerto Quijarro,BO,-17.7833,-57.7667,82.8,42,52,2.44,broken clouds
550,Back Mountain,US,41.3359,-75.9963,62.6,23,1,9.22,clear sky
551,Nome,US,64.5011,-165.4064,41.0,60,1,6.91,clear sky
552,Saint-Augustin,CA,51.226,-58.6502,32.22,96,100,14.7,snow
553,Gornopravdinsk,RU,60.05,69.9,40.87,88,100,6.85,light rain
554,Aktash,RU,50.3,87.7333,9.57,84,100,3.96,overcast clouds
555,Roblin,CA,51.23,-101.3565,35.17,30,96,12.62,overcast clouds
556,Vandra,EE,58.6481,25.0361,32.0,99,98,1.99,overcast clouds
557,Novoorsk,RU,51.381,58.9813,48.2,53,75,8.95,broken clouds
558,San Rafael,AR,-34.6177,-68.3301,63.19,57,0,5.41,clear sky
559,Princeton,US,25.5384,-80.4089,79.0,78,75,12.66,broken clouds
560,Mana,GF,5.6592,-53.7767,77.77,87,100,11.32,heavy intensity rain
561,Katsuura,JP,35.1333,140.3,57.2,58,20,4.61,few clouds
562,Asyut,EG,27.181,31.1837,69.8,43,0,13.8,clear sky
563,Gat,IL,31.61,34.7642,66.99,100,79,1.99,broken clouds
564,Itarema,BR,-2.9248,-39.9167,79.65,80,51,11.52,broken clouds
565,Amazar,RU,53.858,120.875,34.32,44,1,3.04,clear sky
566,Jalu,LY,29.0331,21.5482,76.39,14,0,13.58,clear sky
567,Khromtau,KZ,50.2503,58.4347,45.95,50,100,19.26,overcast clouds
568,Le Vauclin,MQ,14.5452,-60.8388,80.6,74,40,10.36,scattered clouds
569,Weligama,LK,5.9667,80.4167,78.24,86,66,6.06,broken clouds
570,Chapais,CA,49.7834,-74.8492,50.0,32,1,19.57,clear sky
571,Olafsvik,IS,64.8945,-23.7142,43.66,91,100,12.44,overcast clouds
572,Natal,BR,-5.795,-35.2094,80.6,89,20,6.91,few clouds
573,Baykit,RU,61.67,96.37,29.79,90,83,1.86,broken clouds
574,Oistins,BB,13.0667,-59.5333,80.6,61,40,16.11,scattered clouds
575,Mutoko,ZW,-17.397,32.2268,57.81,84,46,2.37,scattered clouds
576,Atasu,KZ,48.6814,71.6433,33.21,37,41,8.86,scattered clouds
577,Shahr-E Babak,IR,30.1165,55.1186,65.79,30,86,4.36,overcast clouds
578,Gannan,CN,47.9147,123.5031,43.39,22,98,9.89,overcast clouds
579,Dauriya,RU,49.9333,116.8667,37.98,18,100,4.34,overcast clouds
580,Tecoanapa,MX,16.5167,-98.75,84.88,59,100,9.84,overcast clouds
581,Athens,GR,37.9795,23.7162,64.0,59,20,3.44,few clouds
582,Tateyama,JP,34.9833,139.8667,60.01,58,20,4.61,few clouds
583,Quelimane,MZ,-17.8786,36.8883,73.4,83,0,2.3,clear sky
584,Amuntai,ID,-2.4177,115.2494,72.9,96,59,0.63,broken clouds
585,Reitz,ZA,-27.8014,28.4273,47.52,74,60,5.53,broken clouds
586,Purranque,CL,-40.9167,-73.1667,57.2,87,75,2.3,broken clouds
587,Yazoo City,US,32.8551,-90.4056,66.2,63,90,10.36,overcast clouds
588,Esna,EG,25.2934,32.554,80.6,22,0,3.44,clear sky
589,Kynsperk Nad Ohri,CZ,50.1189,12.5303,33.01,92,12,1.99,few clouds
590,Arica,CL,-18.475,-70.3042,69.8,64,0,9.22,clear sky
591,Payo,ID,-3.7508,103.6372,69.4,96,38,1.97,scattered clouds
592,Puri,IN,19.8,85.85,78.8,94,40,8.79,haze
593,North Bend,US,43.4065,-124.2243,54.0,62,1,6.91,clear sky
594,Banda Aceh,ID,5.5577,95.3222,80.31,75,100,12.44,overcast clouds
595,Veinticinco De Mayo,AR,-35.4323,-60.1727,59.0,99,100,1.99,light rain
596,Marabba,SD,12.35,32.1833,92.12,25,18,6.6,few clouds
597,Port Maria,JM,18.3685,-76.8895,82.0,81,18,5.99,few clouds
598,Moen,NO,69.1304,18.6123,28.4,86,40,1.14,light snow
599,Bombay,IN,19.0144,72.8479,82.4,74,100,6.24,smoke
600,Saint-Francois,FR,46.4154,3.9054,45.0,61,0,4.43,clear sky
601,Basco,PH,20.4487,121.9702,76.66,79,16,10.18,few clouds
602,Sterling,US,39.0062,-77.4286,62.6,25,90,13.8,overcast clouds
603,Batsfjord,NO,70.6345,29.7185,30.2,80,40,10.36,light snow
604,Vila Franca Do Campo,PT,37.7167,-25.4333,59.0,63,75,12.66,broken clouds
605,Rabo De Peixe,PT,37.8,-25.5833,59.0,63,75,12.66,broken clouds
606,Coruripe,BR,-10.1256,-36.1756,78.42,81,36,7.99,scattered clouds
607,Korla,CN,41.7597,86.1469,43.27,60,37,8.23,scattered clouds
608,Curaca,BR,-8.9903,-39.9094,82.33,61,98,14.38,overcast clouds
609,Vostok,RU,46.4856,135.8833,37.08,96,100,3.87,overcast clouds
610,Lenoir City,US,35.7973,-84.256,53.01,57,100,2.64,overcast clouds
611,Opuwo,NA,-18.0607,13.84,69.44,40,66,1.48,broken clouds
612,Urucara,BR,-2.5364,-57.76,75.06,96,100,2.17,light rain
613,Hawalli,KW,29.2833,47.9972,89.01,29,99,3.44,overcast clouds
614,Skegness,GB,53.1436,0.3363,45.0,70,0,4.61,clear sky
615,Jining,CN,35.405,116.5814,54.52,81,100,11.43,overcast clouds
616,Mmabatho,ZA,-25.85,25.6333,59.0,47,4,2.3,clear sky
617,Nantucket,US,41.2835,-70.0995,48.2,66,1,27.63,clear sky
618,Chicama,PE,-7.8447,-79.1469,66.2,88,20,8.05,few clouds
619,Kayerkan,RU,69.3497,87.7602,29.86,94,100,23.11,snow
620,Nenjiang,CN,49.1833,125.2167,39.61,30,89,8.48,overcast clouds
621,Gourcy,BF,13.2167,-2.35,93.81,22,99,6.85,overcast clouds
622,Hualmay,PE,-11.0964,-77.6139,67.66,86,28,9.06,scattered clouds
623,Emba,KZ,48.8264,58.1442,53.64,41,100,17.58,overcast clouds
624,Mount Gambier,AU,-37.8333,140.7667,51.8,93,75,8.05,light rain
625,Kamyshlov,RU,56.8428,62.7111,47.17,77,100,9.17,overcast clouds
626,Porto Santo,PT,33.072,-16.3415,62.6,77,40,11.5,scattered clouds
627,Lindi,TZ,-10.0,39.7167,72.32,96,62,8.05,broken clouds
628,Dalbandin,PK,28.8947,64.4101,74.79,8,0,2.39,clear sky
629,Zaysan,KZ,47.4667,84.8667,28.4,68,89,9.06,overcast clouds
630,Sikonge,TZ,-5.6333,32.7667,62.74,88,14,4.23,few clouds
631,General Roca,AR,-39.0333,-67.5833,64.4,59,0,6.87,clear sky
632,Padang,ID,-0.9492,100.3543,75.2,88,20,2.3,mist
633,Saint-Georges,GD,12.0564,-61.7485,82.4,74,20,18.41,few clouds
634,Moussoro,TD,13.6408,16.4901,88.99,12,63,10.16,broken clouds
635,Douglas,US,41.3,-96.167,64.4,42,1,5.86,clear sky
636,Zhanakorgan,KZ,43.9098,67.2495,51.89,29,100,6.22,overcast clouds
637,Yalta,UA,44.5,34.1667,52.0,67,79,8.12,broken clouds
638,Saqqez,IR,36.2499,46.2735,51.98,29,100,2.59,overcast clouds
639,Meshchovsk,RU,54.3244,35.2808,40.68,81,100,1.79,light rain
640,Tura,IN,25.5198,90.2201,71.8,36,53,4.88,broken clouds
641,Cockburn Town,TC,21.4612,-71.1419,80.6,69,40,9.22,scattered clouds
642,Toropets,RU,56.4978,31.6353,32.95,93,85,4.25,overcast clouds
643,Bowen,AU,-20.0167,148.2333,68.0,94,90,8.05,overcast clouds
644,Stawell,AU,-37.05,142.7667,54.46,65,100,5.44,light rain
645,Palmer,US,42.1584,-72.3287,59.0,21,20,18.41,few clouds
646,Kirovsk,UA,48.6375,38.6428,49.26,76,100,11.12,light rain
647,Comarapa,BO,-17.9,-64.4833,58.62,86,65,3.51,broken clouds
648,Paka,MY,4.6374,103.4368,75.2,94,99,3.02,overcast clouds
649,Castlerea,IE,53.7667,-8.5,42.73,87,100,7.7,overcast clouds
650,Shubarkuduk,KZ,49.1447,56.4872,50.7,55,100,13.22,overcast clouds
651,Yar-Sale,RU,66.8333,70.8333,33.82,99,100,9.66,overcast clouds
652,Muroto,JP,33.2833,134.15,62.6,77,75,2.3,broken clouds
653,Xian,CN,34.2583,108.9286,55.99,94,90,13.42,light rain
654,Santander,ES,43.4647,-3.8044,64.4,55,78,2.3,broken clouds
655,Tulu Bolo,ET,8.6667,38.2167,59.68,79,100,3.36,light rain
656,Eidsvag,NO,62.7767,8.0668,35.6,69,40,5.75,light snow
657,Poway,US,32.9628,-117.0359,64.0,67,90,8.05,overcast clouds
658,Nova Granada,BR,-20.5339,-49.3142,75.2,38,0,4.61,clear sky
659,Lata,PT,40.1629,-8.3327,60.01,91,98,1.01,overcast clouds
660,Tabory,RU,58.5198,64.5495,45.61,83,100,5.53,overcast clouds
661,Praia Da Vitoria,PT,38.7333,-27.0667,57.99,77,40,34.63,scattered clouds
662,High Prairie,CA,55.4334,-116.4858,38.57,33,90,8.32,overcast clouds
663,Gwanda,ZW,-20.9333,29.0,59.63,46,0,4.14,clear sky
664,Taperoa,BR,-7.2075,-36.8267,75.09,81,48,13.11,scattered clouds
665,Taltal,CL,-25.4,-70.4833,63.05,78,9,5.06,clear sky
666,Nishihara,JP,26.1842,127.7558,68.0,94,90,14.97,mist
667,Gucheng,CN,35.9115,111.3192,57.88,60,100,15.17,light rain
668,Nhamunda,BR,-2.1861,-56.7131,76.55,89,85,0.13,heavy intensity rain
669,Olinda,BR,-8.0089,-34.8553,80.6,69,40,8.05,scattered clouds
670,Simplicio Mendes,BR,-7.8539,-41.9103,79.47,68,97,4.16,overcast clouds
671,Zhezkazgan,KZ,47.8043,67.7144,37.81,32,97,16.15,overcast clouds
672,Ypsonas,CY,34.6884,32.9574,62.6,72,0,3.44,clear sky
673,Pak Phanang,TH,8.3511,100.202,78.42,86,100,7.0,overcast clouds
674,Guerrero Negro,MX,27.9769,-114.0611,64.04,62,10,22.1,clear sky
675,Kalabo,ZM,-14.97,22.6814,68.47,49,34,3.71,scattered clouds
676,Eureka,US,40.8021,-124.1637,55.99,72,100,4.0,overcast clouds
677,Pochutla,MX,15.7432,-96.4661,86.0,66,75,6.91,broken clouds
678,Cohoes,US,42.7742,-73.7001,57.2,33,20,21.85,few clouds
679,Turangi,NZ,-39.0,175.9333,66.99,63,78,1.99,broken clouds
680,Anadyr,RU,64.75,177.4833,17.6,86,20,8.95,few clouds
681,Santa Cruz,BO,-17.8,-63.1667,71.6,82,75,9.91,moderate rain
682,Rantepao,ID,-2.9701,119.8978,67.91,96,95,1.5,overcast clouds
683,Miroslava,RO,47.15,27.5167,45.0,81,0,5.75,clear sky
684,Alice Springs,AU,-23.7,133.8833,53.6,66,0,10.76,clear sky
685,Charters Towers,AU,-20.1,146.2667,64.94,87,100,9.4,overcast clouds
686,Aksha,RU,50.2814,113.2867,34.56,28,99,0.31,overcast clouds
687,Saltpond,GH,5.2091,-1.0606,82.36,84,91,9.64,overcast clouds
688,Kirundo,BI,-2.5833,30.1667,68.0,83,75,3.44,light rain
689,Nagato,JP,34.3833,131.2,62.6,77,0,10.36,clear sky
690,Sirohi,IN,24.8833,72.8667,78.03,41,8,2.66,clear sky
691,Ures,MX,29.4333,-110.4,84.99,19,0,4.0,clear sky
692,Svobodnyy,RU,51.4,128.1333,38.62,31,2,15.41,clear sky
693,Puerto Ayacucho,VE,5.6639,-67.6236,85.82,62,39,4.59,scattered clouds
